step,metric,value
1,latent/posterior_entropy,2.6018552780151367
1,latent/prior_entropy,2.6116886138916016
1,loss/barlow,1030.3023681640625
1,loss/con,0.787772536277771
1,loss/dyn,10.51844310760498
1,loss/policy,-0.00251761288382113
1,loss/rep,10.51844310760498
1,loss/repval,11.049541473388672
1,loss/rew,5.541263580322266
1,loss/value,0.6708950400352478
1,nan_skipped,0.0
1,opt_loss,73.3976821899414
1,params/encoder_l2,55.429161071777344
1,total_loss,73.3976821899414
1,perf/fps_cumulative,0.013788200901413746
1,perf/fps_interval,0.013788200901413746
1,perf/ms_per_step_interval,72525.77817440033
251,latent/posterior_entropy,2.437831401824951
251,latent/prior_entropy,2.707087516784668
251,loss/barlow,832.4772338867188
251,loss/con,0.230942040681839
251,loss/dyn,8.257146835327148
251,loss/policy,-0.010915986262261868
251,loss/rep,8.257146835327148
251,loss/repval,10.773664474487305
251,loss/rew,5.412540435791016
251,loss/value,2.8344967365264893
251,nan_skipped,0.0
251,opt_loss,62.405887603759766
251,params/encoder_l2,55.43011474609375
251,total_loss,62.405887603759766
251,perf/fps_cumulative,1.3921513997876678
251,perf/fps_interval,6.951543036230493
251,perf/ms_per_step_interval,143.85295391082764
499,episode/count,1
499,episode/goal,chair
499,episode/scene,u5atqC7vRCY
499,episode/reward,-5.531225442886289
499,episode/success,0.0
499,episode/spl,0.0
499,episode/softspl,0.0
499,episode/dtg,4.113457202911377
499,metrics/sr_last,0.0
499,metrics/reward,-5.531225442886289
499,metrics/reward_mean,-5.531225442886289
499,metrics/sr,0.0
499,metrics/sr_mean,0.0
499,metrics/spl,0.0
499,metrics/spl_mean,0.0
499,metrics/softspl,0.0
499,metrics/softspl_mean,0.0
499,metrics/dtg,4.113457202911377
499,metrics/dtg_mean,4.113457202911377
499,goal/chair/sr,0.0
499,goal/chair/spl,0.0
499,goal/chair/reward,-5.531225442886289
499,episode/steps,500
499,episode/path_length,6.460907670545112
499,episode/shortest_path,3.5822317600250244
499,episode/path_ratio,1.803598455757083
499,episode_reset,1
499,action/stop_pct,0.246
499,action/forward_pct,0.264
499,action/left_pct,0.25
499,action/right_pct,0.24
501,latent/posterior_entropy,2.3078556060791016
501,latent/prior_entropy,2.590179920196533
501,loss/barlow,337.64703369140625
501,loss/con,0.06813832372426987
501,loss/dyn,7.1587934494018555
501,loss/policy,-0.028125623241066933
501,loss/rep,7.1587934494018555
501,loss/repval,9.435277938842773
501,loss/rew,4.726509094238281
501,loss/value,5.7386627197265625
501,nan_skipped,0.0
501,opt_loss,38.092796325683594
501,params/encoder_l2,55.43159866333008
501,total_loss,38.092796325683594
501,perf/fps_cumulative,2.2979959361497833
501,perf/fps_interval,6.677989278531316
501,perf/ms_per_step_interval,149.74567317962646
751,latent/posterior_entropy,2.316453456878662
751,latent/prior_entropy,2.515307903289795
751,loss/barlow,267.9167175292969
751,loss/con,0.0260815117508173
751,loss/dyn,4.724272727966309
751,loss/policy,-0.06456921249628067
751,loss/rep,4.724272727966309
751,loss/repval,6.934011936187744
751,loss/rew,3.4572737216949463
751,loss/value,5.851592540740967
751,nan_skipped,0.0
751,opt_loss,29.943119049072266
751,params/encoder_l2,55.432701110839844
751,total_loss,29.943119049072266
751,perf/fps_cumulative,2.9601863711738052
751,perf/fps_interval,7.025067657854089
751,perf/ms_per_step_interval,142.3473834991455
999,episode/count,2
999,episode/goal,chair
999,episode/scene,u5atqC7vRCY
999,episode/reward,-4.975275039672792
999,episode/success,0.0
999,episode/spl,0.0
999,episode/softspl,0.004646687904093949
999,episode/dtg,5.296260833740234
999,metrics/sr_last,0.0
999,metrics/reward,-5.25325024127954
999,metrics/reward_mean,-5.25325024127954
999,metrics/sr,0.0
999,metrics/sr_mean,0.0
999,metrics/spl,0.0
999,metrics/spl_mean,0.0
999,metrics/softspl,0.0023233439520469745
999,metrics/softspl_mean,0.0023233439520469745
999,metrics/dtg,4.704859018325806
999,metrics/dtg_mean,4.704859018325806
999,goal/chair/sr,0.0
999,goal/chair/spl,0.0
999,goal/chair/reward,-5.25325024127954
999,episode/steps,500
999,episode/path_length,2.3380458350686695
999,episode/shortest_path,5.320985794067383
999,episode/path_ratio,0.43940087900168173
999,episode_reset,1
999,action/stop_pct,0.226
999,action/forward_pct,0.24
999,action/left_pct,0.262
999,action/right_pct,0.272
1001,latent/posterior_entropy,2.283301830291748
1001,latent/prior_entropy,2.4763803482055664
1001,loss/barlow,246.19094848632812
1001,loss/con,0.008257023990154266
1001,loss/dyn,4.694309234619141
1001,loss/policy,-0.1309591680765152
1001,loss/rep,4.694309234619141
1001,loss/repval,4.508944034576416
1001,loss/rew,1.9695255756378174
1001,loss/value,3.5385303497314453
1001,nan_skipped,0.0
1001,opt_loss,24.211326599121094
1001,params/encoder_l2,55.43354797363281
1001,total_loss,24.211326599121094
1001,perf/fps_cumulative,3.442683295991318
1001,perf/fps_interval,6.754204387173229
1001,perf/ms_per_step_interval,148.05592823028564
1251,latent/posterior_entropy,2.160281181335449
1251,latent/prior_entropy,2.363996982574463
1251,loss/barlow,180.77944946289062
1251,loss/con,0.012121657840907574
1251,loss/dyn,4.105008125305176
1251,loss/policy,-0.11026151478290558
1251,loss/rep,4.105008125305176
1251,loss/repval,2.9323062896728516
1251,loss/rew,0.7028796672821045
1251,loss/value,1.7485320568084717
1251,nan_skipped,0.0
1251,opt_loss,16.787445068359375
1251,params/encoder_l2,55.434871673583984
1251,total_loss,16.787445068359375
1251,perf/fps_cumulative,3.8412862274717936
1251,perf/fps_interval,7.167338134119824
1251,perf/ms_per_step_interval,139.52181148529053
1499,episode/count,3
1499,episode/goal,chair
1499,episode/scene,u5atqC7vRCY
1499,episode/reward,-3.8396911621093492
1499,episode/success,0.0
1499,episode/spl,0.0
1499,episode/softspl,0.1443979609883693
1499,episode/dtg,1.2467772960662842
1499,metrics/sr_last,0.0
1499,metrics/reward,-4.782063881556144
1499,metrics/reward_mean,-4.782063881556144
1499,metrics/sr,0.0
1499,metrics/sr_mean,0.0
1499,metrics/spl,0.0
1499,metrics/spl_mean,0.0
1499,metrics/softspl,0.04968154963082108
1499,metrics/softspl_mean,0.04968154963082108
1499,metrics/dtg,3.5521651109059653
1499,metrics/dtg_mean,3.5521651109059653
1499,goal/chair/sr,0.0
1499,goal/chair/spl,0.0
1499,goal/chair/reward,-4.782063881556144
1499,episode/steps,500
1499,episode/path_length,8.03549322960373
1499,episode/shortest_path,2.407086133956909
1499,episode/path_ratio,3.3382657630097
1499,episode_reset,1
1499,action/stop_pct,0.228
1499,action/forward_pct,0.246
1499,action/left_pct,0.294
1499,action/right_pct,0.232
1501,latent/posterior_entropy,2.102065324783325
1501,latent/prior_entropy,2.282994270324707
1501,loss/barlow,173.85433959960938
1501,loss/con,0.009223002940416336
1501,loss/dyn,4.124424457550049
1501,loss/policy,-0.10962792485952377
1501,loss/rep,4.124424457550049
1501,loss/repval,3.4163765907287598
1501,loss/rew,0.37751418352127075
1501,loss/value,1.4312423467636108
1501,nan_skipped,0.0
1501,opt_loss,15.962848663330078
1501,params/encoder_l2,55.43648147583008
1501,total_loss,15.962848663330078
1501,perf/fps_cumulative,4.14787251348966
1501,perf/fps_interval,6.9097319918121425
1501,perf/ms_per_step_interval,144.72341346740723
1751,latent/posterior_entropy,2.0030369758605957
1751,latent/prior_entropy,2.1518523693084717
1751,loss/barlow,142.93692016601562
1751,loss/con,0.019224416464567184
1751,loss/dyn,3.521491050720215
1751,loss/policy,-0.10534171015024185
1751,loss/rep,3.521491050720215
1751,loss/repval,2.8191640377044678
1751,loss/rew,0.34782686829566956
1751,loss/value,1.2966384887695312
1751,nan_skipped,0.0
1751,opt_loss,13.424583435058594
1751,params/encoder_l2,55.439247131347656
1751,total_loss,13.424583435058594
1751,perf/fps_cumulative,4.416645589981018
1751,perf/fps_interval,7.2321659231191715
1751,perf/ms_per_step_interval,138.2711639404297
1999,episode/count,4
1999,episode/goal,chair
1999,episode/scene,u5atqC7vRCY
1999,episode/reward,-5.730829477310111
1999,episode/success,0.0
1999,episode/spl,0.0
1999,episode/softspl,0.0
1999,episode/dtg,2.779613733291626
1999,metrics/sr_last,0.0
1999,metrics/reward,-5.019255280494635
1999,metrics/reward_mean,-5.019255280494635
1999,metrics/sr,0.0
1999,metrics/sr_mean,0.0
1999,metrics/spl,0.0
1999,metrics/spl_mean,0.0
1999,metrics/softspl,0.03726116222311581
1999,metrics/softspl_mean,0.03726116222311581
1999,metrics/dtg,3.3590272665023804
1999,metrics/dtg_mean,3.3590272665023804
1999,goal/chair/sr,0.0
1999,goal/chair/spl,0.0
1999,goal/chair/reward,-5.019255280494635
1999,episode/steps,500
1999,episode/path_length,12.341507338103838
1999,episode/shortest_path,2.0487842559814453
1999,episode/path_ratio,6.023819883461467
1999,episode_reset,1
1999,action/stop_pct,0.256
1999,action/forward_pct,0.228
1999,action/left_pct,0.268
1999,action/right_pct,0.248
2001,latent/posterior_entropy,1.9147953987121582
2001,latent/prior_entropy,2.059833526611328
2001,loss/barlow,132.5061492919922
2001,loss/con,0.019334428012371063
2001,loss/dyn,3.522430419921875
2001,loss/policy,-0.1086009070277214
2001,loss/rep,3.522430419921875
2001,loss/repval,2.248845100402832
2001,loss/rew,0.30585166811943054
2001,loss/value,1.3792438507080078
2001,nan_skipped,0.0
2001,opt_loss,12.770464897155762
2001,params/encoder_l2,55.44428253173828
2001,total_loss,12.770464897155762
2001,perf/fps_cumulative,4.62501715221379
2001,perf/fps_interval,6.909489857907167
2001,perf/ms_per_step_interval,144.72848510742188
2251,latent/posterior_entropy,1.8460040092468262
2251,latent/prior_entropy,1.978823184967041
2251,loss/barlow,109.84244537353516
2251,loss/con,0.02910679765045643
2251,loss/dyn,3.3552520275115967
2251,loss/policy,-0.09685380011796951
2251,loss/rep,3.3552520275115967
2251,loss/repval,2.5269432067871094
2251,loss/rew,0.36125969886779785
2251,loss/value,1.1578023433685303
2251,nan_skipped,0.0
2251,opt_loss,11.392297744750977
2251,params/encoder_l2,55.45310592651367
2251,total_loss,11.392297744750977
2251,perf/fps_cumulative,4.816963833270237
2251,perf/fps_interval,7.214767865585647
2251,perf/ms_per_step_interval,138.60459804534912
2499,episode/count,5
2499,episode/goal,chair
2499,episode/scene,u5atqC7vRCY
2499,episode/reward,-4.384924411773666
2499,episode/success,0.0
2499,episode/spl,0.0
2499,episode/softspl,0.07567132382797112
2499,episode/dtg,3.127598762512207
2499,metrics/sr_last,0.0
2499,metrics/reward,-4.892389106750441
2499,metrics/reward_mean,-4.892389106750441
2499,metrics/sr,0.0
2499,metrics/sr_mean,0.0
2499,metrics/spl,0.0
2499,metrics/spl_mean,0.0
2499,metrics/softspl,0.04494319454408687
2499,metrics/softspl_mean,0.04494319454408687
2499,metrics/dtg,3.3127415657043455
2499,metrics/dtg_mean,3.3127415657043455
2499,goal/chair/sr,0.0
2499,goal/chair/spl,0.0
2499,goal/chair/reward,-4.892389106750441
2499,episode/steps,500
2499,episode/path_length,8.128251986506967
2499,episode/shortest_path,3.7426743507385254
2499,episode/path_ratio,2.171776442399552
2499,episode_reset,1
2499,action/stop_pct,0.258
2499,action/forward_pct,0.252
2499,action/left_pct,0.238
2499,action/right_pct,0.252
2501,latent/posterior_entropy,1.7839179039001465
2501,latent/prior_entropy,1.9151432514190674
2501,loss/barlow,107.33734130859375
2501,loss/con,0.008807564154267311
2501,loss/dyn,3.2982912063598633
2501,loss/policy,-0.08786244690418243
2501,loss/rep,3.2982912063598633
2501,loss/repval,1.8697565793991089
2501,loss/rew,0.35266295075416565
2501,loss/value,1.0119136571884155
2501,nan_skipped,0.0
2501,opt_loss,10.841436386108398
2501,params/encoder_l2,55.46037292480469
2501,total_loss,10.841436386108398
2501,perf/fps_cumulative,4.9671468185131324
2501,perf/fps_interval,6.906977138640517
2501,perf/ms_per_step_interval,144.78113651275635
2751,latent/posterior_entropy,1.729445457458496
2751,latent/prior_entropy,1.8795267343521118
2751,loss/barlow,100.47053527832031
2751,loss/con,0.012730391696095467
2751,loss/dyn,3.4513297080993652
2751,loss/policy,-0.08700472116470337
2751,loss/rep,3.4513297080993652
2751,loss/repval,1.9928659200668335
2751,loss/rew,0.3532458245754242
2751,loss/value,1.3608063459396362
2751,nan_skipped,0.0
2751,opt_loss,11.057626724243164
2751,params/encoder_l2,55.47028350830078
2751,total_loss,11.057626724243164
2751,perf/fps_cumulative,5.112087075697256
2751,perf/fps_interval,7.2207806842463995
2751,perf/ms_per_step_interval,138.48918056488037
2999,episode/count,6
2999,episode/goal,chair
2999,episode/scene,u5atqC7vRCY
2999,episode/reward,-4.783576011657654
2999,episode/success,0.0
2999,episode/spl,0.0
2999,episode/softspl,0.023307258929877284
2999,episode/dtg,9.069266319274902
2999,metrics/sr_last,0.0
2999,metrics/reward,-4.874253590901644
2999,metrics/reward_mean,-4.874253590901644
2999,metrics/sr,0.0
2999,metrics/sr_mean,0.0
2999,metrics/spl,0.0
2999,metrics/spl_mean,0.0
2999,metrics/softspl,0.04133720527505194
2999,metrics/softspl_mean,0.04133720527505194
2999,metrics/dtg,4.272162357966105
2999,metrics/dtg_mean,4.272162357966105
2999,goal/chair/sr,0.0
2999,goal/chair/spl,0.0
2999,goal/chair/reward,-4.874253590901644
2999,episode/steps,500
2999,episode/path_length,1.656177558004856
2999,episode/shortest_path,9.285690307617188
2999,episode/path_ratio,0.17835804373599123
2999,episode_reset,1
2999,action/stop_pct,0.23
2999,action/forward_pct,0.274
2999,action/left_pct,0.234
2999,action/right_pct,0.262
3001,latent/posterior_entropy,1.7175636291503906
3001,latent/prior_entropy,1.8349435329437256
3001,loss/barlow,87.37705993652344
3001,loss/con,0.01853279024362564
3001,loss/dyn,3.3513989448547363
3001,loss/policy,-0.07083157449960709
3001,loss/rep,3.3513989448547363
3001,loss/repval,2.0384600162506104
3001,loss/rew,0.36620891094207764
3001,loss/value,1.0342367887496948
3001,nan_skipped,0.0
3001,opt_loss,10.015077590942383
3001,params/encoder_l2,55.4781379699707
3001,total_loss,10.015077590942383
3001,perf/fps_cumulative,5.225035776158053
3001,perf/fps_interval,6.904259303840624
3001,perf/ms_per_step_interval,144.8381290435791
3251,latent/posterior_entropy,1.675703763961792
3251,latent/prior_entropy,1.802521824836731
3251,loss/barlow,84.34783172607422
3251,loss/con,0.015252525918185711
3251,loss/dyn,3.616769790649414
3251,loss/policy,-0.07986906915903091
3251,loss/rep,3.616769790649414
3251,loss/repval,2.049395799636841
3251,loss/rew,0.37643811106681824
3251,loss/value,0.6870681047439575
3251,nan_skipped,0.0
3251,opt_loss,9.809545516967773
3251,params/encoder_l2,55.487125396728516
3251,total_loss,9.809545516967773
3251,perf/fps_cumulative,5.337674305366157
3251,perf/fps_interval,7.201998341345803
3251,perf/ms_per_step_interval,138.85035133361816
3499,episode/count,7
3499,episode/goal,chair
3499,episode/scene,u5atqC7vRCY
3499,episode/reward,-5.692662239074632
3499,episode/success,0.0
3499,episode/spl,0.0
3499,episode/softspl,0.0
3499,episode/dtg,9.498445510864258
3499,metrics/sr_last,0.0
3499,metrics/reward,-4.991169112069214
3499,metrics/reward_mean,-4.991169112069214
3499,metrics/sr,0.0
3499,metrics/sr_mean,0.0
3499,metrics/spl,0.0
3499,metrics/spl_mean,0.0
3499,metrics/softspl,0.03543189023575881
3499,metrics/softspl_mean,0.03543189023575881
3499,metrics/dtg,5.018774236951556
3499,metrics/dtg_mean,5.018774236951556
3499,goal/chair/sr,0.0
3499,goal/chair/spl,0.0
3499,goal/chair/reward,-4.991169112069214
3499,episode/steps,500
3499,episode/path_length,2.1469798423349857
3499,episode/shortest_path,8.80578327178955
3499,episode/path_ratio,0.24381474947414494
3499,episode_reset,1
3499,action/stop_pct,0.234
3499,action/forward_pct,0.246
3499,action/left_pct,0.258
3499,action/right_pct,0.262
3501,latent/posterior_entropy,1.626720666885376
3501,latent/prior_entropy,1.7577635049819946
3501,loss/barlow,78.58914947509766
3501,loss/con,0.013179381377995014
3501,loss/dyn,3.381824493408203
3501,loss/policy,-0.05155640095472336
3501,loss/rep,3.381824493408203
3501,loss/repval,1.9898347854614258
3501,loss/rew,0.3900773823261261
3501,loss/value,0.9842575192451477
3501,nan_skipped,0.0
3501,opt_loss,9.58237361907959
3501,params/encoder_l2,55.49937438964844
3501,total_loss,9.58237361907959
3501,perf/fps_cumulative,5.425739840799994
3501,perf/fps_interval,6.908401284575665
3501,perf/ms_per_step_interval,144.7512903213501
3751,latent/posterior_entropy,1.6005797386169434
3751,latent/prior_entropy,1.7303378582000732
3751,loss/barlow,79.9365005493164
3751,loss/con,0.010238377377390862
3751,loss/dyn,3.5547680854797363
3751,loss/policy,-0.06743711978197098
3751,loss/rep,3.5547680854797363
3751,loss/repval,1.9846956729888916
3751,loss/rew,0.3957531452178955
3751,loss/value,1.2811788320541382
3751,nan_skipped,0.0
3751,opt_loss,10.122211456298828
3751,params/encoder_l2,55.508018493652344
3751,total_loss,10.122211456298828
3751,perf/fps_cumulative,5.516715846841122
3751,perf/fps_interval,7.210252027592862
3751,perf/ms_per_step_interval,138.69140720367432
3999,episode/count,8
3999,episode/goal,chair
3999,episode/scene,u5atqC7vRCY
3999,episode/reward,-4.109742403030332
3999,episode/success,0.0
3999,episode/spl,0.0
3999,episode/softspl,0.15958208572974047
3999,episode/dtg,3.6329147815704346
3999,metrics/sr_last,0.0
3999,metrics/reward,-4.880990773439352
3999,metrics/reward_mean,-4.880990773439353
3999,metrics/sr,0.0
3999,metrics/sr_mean,0.0
3999,metrics/spl,0.0
3999,metrics/spl_mean,0.0
3999,metrics/softspl,0.050950664672506515
3999,metrics/softspl_mean,0.050950664672506515
3999,metrics/dtg,4.845541805028915
3999,metrics/dtg_mean,4.845541805028915
3999,goal/chair/sr,0.0
3999,goal/chair/spl,0.0
3999,goal/chair/reward,-4.880990773439352
3999,episode/steps,500
3999,episode/path_length,5.5786812968298705
3999,episode/shortest_path,4.523172378540039
3999,episode/path_ratio,1.2333558905023474
3999,episode_reset,1
3999,action/stop_pct,0.304
3999,action/forward_pct,0.25
3999,action/left_pct,0.22
3999,action/right_pct,0.226
4001,latent/posterior_entropy,1.5531710386276245
4001,latent/prior_entropy,1.6749448776245117
4001,loss/barlow,84.53436279296875
4001,loss/con,0.01204213872551918
4001,loss/dyn,3.488180637359619
4001,loss/policy,-0.06434314697980881
4001,loss/rep,3.488180637359619
4001,loss/repval,1.6372369527816772
4001,loss/rew,0.2970266044139862
4001,loss/value,1.2847000360488892
4001,nan_skipped,0.0
4001,opt_loss,10.08431339263916
4001,params/encoder_l2,55.51575469970703
4001,total_loss,10.08431339263916
4001,perf/fps_cumulative,5.587280405732976
4001,perf/fps_interval,6.914677136437016
4001,perf/ms_per_step_interval,144.61991214752197
4251,latent/posterior_entropy,1.502261996269226
4251,latent/prior_entropy,1.6242815256118774
4251,loss/barlow,81.77481079101562
4251,loss/con,0.0064138248562812805
4251,loss/dyn,3.404953956604004
4251,loss/policy,-0.04552158713340759
4251,loss/rep,3.404953956604004
4251,loss/repval,2.3021090030670166
4251,loss/rew,0.480304479598999
4251,loss/value,1.2417209148406982
4251,nan_skipped,0.0
4251,opt_loss,10.207740783691406
4251,params/encoder_l2,55.52570343017578
4251,total_loss,10.207740783691406
4251,perf/fps_cumulative,5.6610476431446095
4251,perf/fps_interval,7.178140139382737
4251,perf/ms_per_step_interval,139.31185245513916
4499,episode/count,9
4499,episode/goal,chair
4499,episode/scene,u5atqC7vRCY
4499,episode/reward,-5.230793476104669
4499,episode/success,0.0
4499,episode/spl,0.0
4499,episode/softspl,0.0
4499,episode/dtg,6.57728385925293
4499,metrics/sr_last,0.0
4499,metrics/reward,-4.919857740402165
4499,metrics/reward_mean,-4.919857740402167
4499,metrics/sr,0.0
4499,metrics/sr_mean,0.0
4499,metrics/spl,0.0
4499,metrics/spl_mean,0.0
4499,metrics/softspl,0.04528947970889468
4499,metrics/softspl_mean,0.04528947970889468
4499,metrics/dtg,5.037957588831584
4499,metrics/dtg_mean,5.037957588831584
4499,goal/chair/sr,0.0
4499,goal/chair/spl,0.0
4499,goal/chair/reward,-4.919857740402165
4499,episode/steps,500
4499,episode/path_length,0.735255241394043
4499,episode/shortest_path,6.346490383148193
4499,episode/path_ratio,0.11585225802064757
4499,episode_reset,1
4499,action/stop_pct,0.238
4499,action/forward_pct,0.224
4499,action/left_pct,0.274
4499,action/right_pct,0.264
4501,latent/posterior_entropy,1.4839222431182861
4501,latent/prior_entropy,1.6050219535827637
4501,loss/barlow,83.5075454711914
4501,loss/con,0.006944453343749046
4501,loss/dyn,3.192720890045166
4501,loss/policy,-0.050947155803442
4501,loss/rep,3.192720890045166
4501,loss/repval,1.554375410079956
4501,loss/rew,0.2967371642589569
4501,loss/value,1.0538116693496704
4501,nan_skipped,0.0
4501,opt_loss,9.46022891998291
4501,params/encoder_l2,55.533538818359375
4501,total_loss,9.46022891998291
4501,perf/fps_cumulative,5.716539128054962
4501,perf/fps_interval,6.8602704688534955
4501,perf/ms_per_step_interval,145.76684761047363
4751,latent/posterior_entropy,1.469780683517456
4751,latent/prior_entropy,1.6069233417510986
4751,loss/barlow,71.57482147216797
4751,loss/con,0.026618633419275284
4751,loss/dyn,4.0319037437438965
4751,loss/policy,-0.04061834514141083
4751,loss/rep,4.0319037437438965
4751,loss/repval,2.009040355682373
4751,loss/rew,0.35503292083740234
4751,loss/value,0.8784675598144531
4751,nan_skipped,0.0
4751,opt_loss,9.83604907989502
4751,params/encoder_l2,55.54277801513672
4751,total_loss,9.83604907989502
4751,perf/fps_cumulative,5.778964560560204
4751,perf/fps_interval,7.193582211865861
4751,perf/ms_per_step_interval,139.0127992630005
4999,episode/count,10
4999,episode/goal,chair
4999,episode/scene,u5atqC7vRCY
4999,episode/reward,-4.569023132324166
4999,episode/success,0.0
4999,episode/spl,0.0
4999,episode/softspl,0.09266190130447027
4999,episode/dtg,4.220091819763184
4999,metrics/sr_last,0.0
4999,metrics/reward,-4.884774279594366
4999,metrics/reward_mean,-4.8847742795943665
4999,metrics/sr,0.0
4999,metrics/sr_mean,0.0
4999,metrics/spl,0.0
4999,metrics/spl_mean,0.0
4999,metrics/softspl,0.05002672186845224
4999,metrics/softspl_mean,0.05002672186845224
4999,metrics/dtg,4.956171011924743
4999,metrics/dtg_mean,4.956171011924743
4999,goal/chair/sr,0.0
4999,goal/chair/spl,0.0
4999,goal/chair/reward,-4.884774279594366
4999,episode/steps,500
4999,episode/path_length,3.7905367985367775
4999,episode/shortest_path,4.651068687438965
4999,episode/path_ratio,0.8149819005627231
4999,episode_reset,1
4999,action/stop_pct,0.266
4999,action/forward_pct,0.236
4999,action/left_pct,0.268
4999,action/right_pct,0.23
5001,latent/posterior_entropy,1.4052069187164307
5001,latent/prior_entropy,1.5348107814788818
5001,loss/barlow,70.63194274902344
5001,loss/con,0.010659377090632915
5001,loss/dyn,3.0708889961242676
5001,loss/policy,-0.042348094284534454
5001,loss/rep,3.0708889961242676
5001,loss/repval,1.445655107498169
5001,loss/rew,0.3059556782245636
5001,loss/value,0.7420596480369568
5001,nan_skipped,0.0
5001,opt_loss,8.359598159790039
5001,params/encoder_l2,55.552764892578125
5001,total_loss,8.359598159790039
5001,perf/fps_cumulative,5.825477611685842
5001,perf/fps_interval,6.8776911648689305
5001,perf/ms_per_step_interval,145.39763069152832
5251,latent/posterior_entropy,1.4224756956100464
5251,latent/prior_entropy,1.5341434478759766
5251,loss/barlow,70.88379669189453
5251,loss/con,0.0015925235347822309
5251,loss/dyn,3.431422710418701
5251,loss/policy,-0.04925508052110672
5251,loss/rep,3.431422710418701
5251,loss/repval,1.3605594635009766
5251,loss/rew,0.3558921813964844
5251,loss/value,0.6495367884635925
5251,nan_skipped,0.0
5251,opt_loss,8.68468952178955
5251,params/encoder_l2,55.560707092285156
5251,total_loss,8.68468952178955
5251,perf/fps_cumulative,5.861404998196661
5251,perf/fps_interval,6.686484092352521
5251,perf/ms_per_step_interval,149.55542945861816
5499,episode/count,11
5499,episode/goal,chair
5499,episode/scene,u5atqC7vRCY
5499,episode/reward,-5.652504920959402
5499,episode/success,0.0
5499,episode/spl,0.0
5499,episode/softspl,0.0
5499,episode/dtg,5.891086578369141
5499,metrics/sr_last,0.0
5499,metrics/reward,-4.954567974263914
5499,metrics/reward_mean,-4.954567974263916
5499,metrics/sr,0.0
5499,metrics/sr_mean,0.0
5499,metrics/spl,0.0
5499,metrics/spl_mean,0.0
5499,metrics/softspl,0.045478838062229306
5499,metrics/softspl_mean,0.045478838062229306
5499,metrics/dtg,5.041163336146962
5499,metrics/dtg_mean,5.041163336146962
5499,goal/chair/sr,0.0
5499,goal/chair/spl,0.0
5499,goal/chair/reward,-4.954567974263914
5499,episode/steps,500
5499,episode/path_length,7.459298831017065
5499,episode/shortest_path,5.238581657409668
5499,episode/path_ratio,1.4239157311724486
5499,episode_reset,1
5499,action/stop_pct,0.27
5499,action/forward_pct,0.214
5499,action/left_pct,0.254
5499,action/right_pct,0.262
5501,latent/posterior_entropy,1.3592462539672852
5501,latent/prior_entropy,1.4898730516433716
5501,loss/barlow,67.82936096191406
5501,loss/con,0.005245529115200043
5501,loss/dyn,3.713087558746338
5501,loss/policy,-0.07181493937969208
5501,loss/rep,3.713087558746338
5501,loss/repval,1.3687477111816406
5501,loss/rew,0.29725635051727295
5501,loss/value,0.7773270010948181
5501,nan_skipped,0.0
5501,opt_loss,8.894502639770508
5501,params/encoder_l2,55.56840515136719
5501,total_loss,8.894502639770508
5501,perf/fps_cumulative,5.886688960239222
5501,perf/fps_interval,6.473305363025977
5501,perf/ms_per_step_interval,154.4805850982666
5751,latent/posterior_entropy,1.3616256713867188
5751,latent/prior_entropy,1.4856903553009033
5751,loss/barlow,68.36927032470703
5751,loss/con,0.011667920276522636
5751,loss/dyn,3.7018308639526367
5751,loss/policy,-0.05369121953845024
5751,loss/rep,3.7018308639526367
5751,loss/repval,1.4947699308395386
5751,loss/rew,0.2722511291503906
5751,loss/value,0.9070133566856384
5751,nan_skipped,0.0
5751,opt_loss,9.076148986816406
5751,params/encoder_l2,55.57609176635742
5751,total_loss,9.076148986816406
5751,perf/fps_cumulative,5.926664098480571
5751,perf/fps_interval,6.968047256748714
5751,perf/ms_per_step_interval,143.5122299194336
5999,episode/count,12
5999,episode/goal,chair
5999,episode/scene,u5atqC7vRCY
5999,episode/reward,-5.451586723327565
5999,episode/success,0.0
5999,episode/spl,0.0
5999,episode/softspl,0.0
5999,episode/dtg,7.774927616119385
5999,metrics/sr_last,0.0
5999,metrics/reward,-4.995986203352552
5999,metrics/reward_mean,-4.995986203352553
5999,metrics/sr,0.0
5999,metrics/sr_mean,0.0
5999,metrics/spl,0.0
5999,metrics/spl_mean,0.0
5999,metrics/softspl,0.041688934890376866
5999,metrics/softspl_mean,0.041688934890376866
5999,metrics/dtg,5.268977026144664
5999,metrics/dtg_mean,5.268977026144664
5999,goal/chair/sr,0.0
5999,goal/chair/spl,0.0
5999,goal/chair/reward,-4.995986203352552
5999,episode/steps,500
5999,episode/path_length,1.1542229801416397
5999,episode/shortest_path,7.323340892791748
5999,episode/path_ratio,0.15760880137065908
5999,episode_reset,1
5999,action/stop_pct,0.25
5999,action/forward_pct,0.208
5999,action/left_pct,0.264
5999,action/right_pct,0.278
6001,latent/posterior_entropy,1.318682312965393
6001,latent/prior_entropy,1.4436533451080322
6001,loss/barlow,62.619300842285156
6001,loss/con,0.01669207029044628
6001,loss/dyn,3.3561618328094482
6001,loss/policy,-0.031766779720783234
6001,loss/rep,3.3561618328094482
6001,loss/repval,1.9539963006973267
6001,loss/rew,0.32080474495887756
6001,loss/value,1.0129787921905518
6001,nan_skipped,0.0
6001,opt_loss,8.72765064239502
6001,params/encoder_l2,55.58469009399414
6001,total_loss,8.72765064239502
6001,perf/fps_cumulative,5.960265502768363
6001,perf/fps_interval,6.854382424474871
6001,perf/ms_per_step_interval,145.89206409454346
6251,latent/posterior_entropy,1.2900564670562744
6251,latent/prior_entropy,1.4203276634216309
6251,loss/barlow,58.350868225097656
6251,loss/con,0.010806040838360786
6251,loss/dyn,3.088099241256714
6251,loss/policy,-0.04282509535551071
6251,loss/rep,3.088099241256714
6251,loss/repval,1.3362677097320557
6251,loss/rew,0.26673972606658936
6251,loss/value,1.0823451280593872
6251,nan_skipped,0.0
6251,opt_loss,8.032398223876953
6251,params/encoder_l2,55.590999603271484
6251,total_loss,8.032398223876953
6251,perf/fps_cumulative,5.998869854868933
6251,perf/fps_interval,7.103446204772355
6251,perf/ms_per_step_interval,140.77674007415771
6499,episode/count,13
6499,episode/goal,chair
6499,episode/scene,u5atqC7vRCY
6499,episode/reward,-5.163555145263617
6499,episode/success,0.0
6499,episode/spl,0.0
6499,episode/softspl,0.0
6499,episode/dtg,9.588062286376953
6499,metrics/sr_last,0.0
6499,metrics/reward,-5.008876121961095
6499,metrics/reward_mean,-5.008876121961096
6499,metrics/sr,0.0
6499,metrics/sr_mean,0.0
6499,metrics/spl,0.0
6499,metrics/spl_mean,0.0
6499,metrics/softspl,0.03848209374496326
6499,metrics/softspl_mean,0.03848209374496326
6499,metrics/dtg,5.601214353854839
6499,metrics/dtg_mean,5.601214353854839
6499,goal/chair/sr,0.0
6499,goal/chair/spl,0.0
6499,goal/chair/reward,-5.008876121961095
6499,episode/steps,500
6499,episode/path_length,1.4802672686055303
6499,episode/shortest_path,9.424507141113281
6499,episode/path_ratio,0.15706574852578148
6499,episode_reset,1
6499,action/stop_pct,0.22
6499,action/forward_pct,0.238
6499,action/left_pct,0.232
6499,action/right_pct,0.31
6501,latent/posterior_entropy,1.2932902574539185
6501,latent/prior_entropy,1.4191874265670776
6501,loss/barlow,63.931400299072266
6501,loss/con,0.006534847430884838
6501,loss/dyn,3.557197093963623
6501,loss/policy,-0.043639253824949265
6501,loss/rep,3.557197093963623
6501,loss/repval,1.68932044506073
6501,loss/rew,0.3073989748954773
6501,loss/value,1.1732348203659058
6501,nan_skipped,0.0
6501,opt_loss,9.059812545776367
6501,params/encoder_l2,55.59894943237305
6501,total_loss,9.059812545776367
6501,perf/fps_cumulative,6.027302324798992
6501,perf/fps_interval,6.837776138670822
6501,perf/ms_per_step_interval,146.2463788986206
6751,latent/posterior_entropy,1.2553260326385498
6751,latent/prior_entropy,1.368239164352417
6751,loss/barlow,60.0974006652832
6751,loss/con,0.007105203811079264
6751,loss/dyn,3.2578539848327637
6751,loss/policy,-0.05324770137667656
6751,loss/rep,3.2578539848327637
6751,loss/repval,1.5324054956436157
6751,loss/rew,0.2824960947036743
6751,loss/value,1.0713144540786743
6751,nan_skipped,0.0
6751,opt_loss,8.3558988571167
6751,params/encoder_l2,55.606056213378906
6751,total_loss,8.3558988571167
6751,perf/fps_cumulative,6.061728048658422
6751,perf/fps_interval,7.11928407394774
6751,perf/ms_per_step_interval,140.46356201171875
6999,episode/count,14
6999,episode/goal,chair
6999,episode/scene,u5atqC7vRCY
6999,episode/reward,-4.3826842308043945
6999,episode/success,0.0
6999,episode/spl,0.0
6999,episode/softspl,0.12761293272135354
6999,episode/dtg,4.220091819763184
6999,metrics/sr_last,0.0
6999,metrics/reward,-4.964148129735618
6999,metrics/reward_mean,-4.9641481297356185
6999,metrics/sr,0.0
6999,metrics/sr_mean,0.0
6999,metrics/spl,0.0
6999,metrics/spl_mean,0.0
6999,metrics/softspl,0.044848582243276855
6999,metrics/softspl_mean,0.044848582243276855
6999,metrics/dtg,5.502562744276864
6999,metrics/dtg_mean,5.502562744276864
6999,goal/chair/sr,0.0
6999,goal/chair/spl,0.0
6999,goal/chair/reward,-4.964148129735618
6999,episode/steps,500
6999,episode/path_length,1.1444368809461594
6999,episode/shortest_path,4.83740758895874
6999,episode/path_ratio,0.2365806188335892
6999,episode_reset,1
6999,action/stop_pct,0.24
6999,action/forward_pct,0.312
6999,action/left_pct,0.182
6999,action/right_pct,0.266
7001,latent/posterior_entropy,1.2519185543060303
7001,latent/prior_entropy,1.349411129951477
7001,loss/barlow,59.550262451171875
7001,loss/con,0.007233753800392151
7001,loss/dyn,3.073575258255005
7001,loss/policy,-0.02657380700111389
7001,loss/rep,3.073575258255005
7001,loss/repval,1.7743628025054932
7001,loss/rew,0.2970130145549774
7001,loss/value,1.1664656400680542
7001,nan_skipped,0.0
7001,opt_loss,8.334893226623535
7001,params/encoder_l2,55.61366271972656
7001,total_loss,8.334893226623535
7001,perf/fps_cumulative,6.086366408786386
7001,perf/fps_interval,6.836893921089549
7001,perf/ms_per_step_interval,146.26525020599365
7251,latent/posterior_entropy,1.214997410774231
7251,latent/prior_entropy,1.3340322971343994
7251,loss/barlow,54.26805114746094
7251,loss/con,0.015824628993868828
7251,loss/dyn,3.5997700691223145
7251,loss/policy,-0.04101476073265076
7251,loss/rep,3.5997700691223145
7251,loss/repval,1.6221603155136108
7251,loss/rew,0.32022029161453247
7251,loss/value,1.1769521236419678
7251,nan_skipped,0.0
7251,opt_loss,8.631780624389648
7251,params/encoder_l2,55.623939514160156
7251,total_loss,8.631780624389648
7251,perf/fps_cumulative,6.117764077373862
7251,perf/fps_interval,7.1509685368391365
7251,perf/ms_per_step_interval,139.84119701385498
7499,episode/count,15
7499,episode/goal,chair
7499,episode/scene,u5atqC7vRCY
7499,episode/reward,-4.566155433654714
7499,episode/success,0.0
7499,episode/spl,0.0
7499,episode/softspl,0.049264504729230614
7499,episode/dtg,3.030970573425293
7499,metrics/sr_last,0.0
7499,metrics/reward,-4.937615283330223
7499,metrics/reward_mean,-4.937615283330225
7499,metrics/sr,0.0
7499,metrics/sr_mean,0.0
7499,metrics/spl,0.0
7499,metrics/spl_mean,0.0
7499,metrics/softspl,0.04514297707567377
7499,metrics/softspl_mean,0.04514297707567377
7499,metrics/dtg,5.33778993288676
7499,metrics/dtg_mean,5.33778993288676
7499,goal/chair/sr,0.0
7499,goal/chair/spl,0.0
7499,goal/chair/reward,-4.937615283330223
7499,episode/steps,500
7499,episode/path_length,8.806433125223272
7499,episode/shortest_path,3.464815139770508
7499,episode/path_ratio,2.5416747416448215
7499,episode_reset,1
7499,action/stop_pct,0.258
7499,action/forward_pct,0.278
7499,action/left_pct,0.168
7499,action/right_pct,0.296
7501,latent/posterior_entropy,1.1750929355621338
7501,latent/prior_entropy,1.3030164241790771
7501,loss/barlow,54.471900939941406
7501,loss/con,0.006914197932928801
7501,loss/dyn,3.252898693084717
7501,loss/policy,-0.037781912833452225
7501,loss/rep,3.252898693084717
7501,loss/repval,1.777999997138977
7501,loss/rew,0.2920706868171692
7501,loss/value,1.3266901969909668
7501,nan_skipped,0.0
7501,opt_loss,8.423076629638672
7501,params/encoder_l2,55.63320541381836
7501,total_loss,8.423076629638672
7501,perf/fps_cumulative,6.139400381902159
7501,perf/fps_interval,6.841249172316149
7501,perf/ms_per_step_interval,146.17213535308838
7751,latent/posterior_entropy,1.1753931045532227
7751,latent/prior_entropy,1.301572322845459
7751,loss/barlow,55.5540885925293
7751,loss/con,0.0023094965144991875
7751,loss/dyn,3.1043620109558105
7751,loss/policy,-0.013307592831552029
7751,loss/rep,3.1043620109558105
7751,loss/repval,1.4082605838775635
7751,loss/rew,0.2659287750720978
7751,loss/value,1.1764554977416992
7751,nan_skipped,0.0
7751,opt_loss,8.046367645263672
7751,params/encoder_l2,55.64117431640625
7751,total_loss,8.046367645263672
7751,perf/fps_cumulative,6.166840904848709
7751,perf/fps_interval,7.122075521647258
7751,perf/ms_per_step_interval,140.40850830078125
7999,episode/count,16
7999,episode/goal,chair
7999,episode/scene,u5atqC7vRCY
7999,episode/reward,-3.5337171554565128
7999,episode/success,0.0
7999,episode/spl,0.0
7999,episode/softspl,0.2040934332276899
7999,episode/dtg,5.718087673187256
7999,metrics/sr_last,0.0
7999,metrics/reward,-4.849871650338116
7999,metrics/reward_mean,-4.849871650338118
7999,metrics/sr,0.0
7999,metrics/sr_mean,0.0
7999,metrics/spl,0.0
7999,metrics/spl_mean,0.0
7999,metrics/softspl,0.05507738058517478
7999,metrics/softspl_mean,0.05507738058517478
7999,metrics/dtg,5.3615585416555405
7999,metrics/dtg_mean,5.3615585416555405
7999,goal/chair/sr,0.0
7999,goal/chair/spl,0.0
7999,goal/chair/reward,-4.849871650338116
7999,episode/steps,500
7999,episode/path_length,2.13866270147264
7999,episode/shortest_path,7.184370517730713
7999,episode/path_ratio,0.2976826844042236
7999,episode_reset,1
7999,action/stop_pct,0.234
7999,action/forward_pct,0.344
7999,action/left_pct,0.166
7999,action/right_pct,0.256
8001,latent/posterior_entropy,1.184690237045288
8001,latent/prior_entropy,1.3121569156646729
8001,loss/barlow,55.644046783447266
8001,loss/con,0.00897933728992939
8001,loss/dyn,3.645613670349121
8001,loss/policy,-0.008770321495831013
8001,loss/rep,3.645613670349121
8001,loss/repval,1.9437121152877808
8001,loss/rew,0.2980707585811615
8001,loss/value,1.5839147567749023
8001,nan_skipped,0.0
8001,opt_loss,9.257685661315918
8001,params/encoder_l2,55.651123046875
8001,total_loss,9.257685661315918
8001,perf/fps_cumulative,6.185862764475817
8001,perf/fps_interval,6.840085301977793
8001,perf/ms_per_step_interval,146.19700717926025
